Fit,FitLow,FitHigh
-2.4138505363207905,-3.7529307692988483,-1.0747703033427327
1.4599913690902602,1.0994527558931284,1.820529982287392
